route_number,provider_name,provider_contact,provider_phone,area_name,students
352,SkyLine Travel,Lori Shields,001-338-055-3189x354,Dawdle,
59,Sandwell,Marcus Jackson,965.669.4883x115,Secondary,
371,SkyLine Travel,Robert Thornton,203.694.7301,Secondary,
569,Green Destination,Anna Jones,5658434053,Front of school,
238,BrightPath Mobility,Grant Kim,385.235.7082x01293,Secondary,
533,Sandwell,Sara Kelley,+1-454-742-0559x357,Dawdle,
368,BrightPath Mobility,Jessica Haley,001-867-723-2642,Front of school,
270,HATS,Samantha Clayton,(091)461-5223x811,Dawdle,
938,Sandwell,Heather Nichols,184-646-8391,Secondary,
781,HATS,Matthew Smith,+1-636-319-2085,Secondary,
240,Green Destination,Christopher Rivera,+1-395-425-0248,Dawdle,
207,Green Destination,Kevin Rios,001-996-314-2178x670,Front of school,
646,Green Destination,Tom Rojas,001-050-009-6924x74497,Secondary,
159,SkyLine Travel,Joshua Palmer,6124256765,Front of school,
703,BrightPath Mobility,Hannah Singleton,001-605-269-1914x97300,Dawdle,
